student_id,real_executive_score,llm_executive_score,error,error_percentage,real_cover_score,llm_cover_score
akarir,6.0,5.4,0.5999999999999996,9.999999999999993,2.0,
akayas,4.8,4.4399999999999995,0.3600000000000003,6.000000000000005,6.0,
akayt,6.0,5.4,0.5999999999999996,9.999999999999993,10.0,
akogland,1.2,0.96,0.24,4.0,6.0,
alant,4.8,5.16,0.3600000000000003,6.000000000000005,8.0,
